stat,value
mean,19.6308369225
std,42.94394352306423
